{"cameraMode":{"drawMode":0,"name":"Shaded","section":"Shading Mode"},"sceneLighting":true,"audioPlay":false,"sceneViewState":{"showFog":false,"showMaterialUpdate":false,"showSkybox":true,"showFlares":true,"showImageEffects":true,"showParticleSystems":true},"in2DMode":false,"pivot":{"x":-2.592426300048828,"y":3.6573374271392824,"z":-1.4824769496917725},"rotation":{"x":-0.14428777992725373,"y":0.4443788230419159,"z":-0.07276696711778641,"w":-0.8811454176902771},"size":22.0,"orthographic":false}