{"cameraMode":{"drawMode":0,"name":"Shaded","section":"Shading Mode"},"sceneLighting":true,"audioPlay":false,"sceneViewState":{"showFog":false,"showMaterialUpdate":false,"showSkybox":true,"showFlares":true,"showImageEffects":true,"showParticleSystems":true},"in2DMode":false,"pivot":{"x":5.106914520263672,"y":0.8847568035125732,"z":3.9520092010498049},"rotation":{"x":0.019666114822030069,"y":-0.11574994772672653,"z":0.0022960675414651634,"w":0.9930832982063294},"size":29.982372283935548,"orthographic":false}